ET,SX,EX,Episode Title,Rating,Votes,Air Date,Description
1,1,1,Death Has a Shadow,7.9,"2,749",01/31/1999,"After drinking too much at a stag party and falling asleep at work, Peter loses his job, signs up for welfare, and gets more money than expected."
2,1,2,I Never Met the Dead Man,7.6,"2,053",04/11/1999,"Peter goes into shock, after he disabled the entire Quahog cable system while giving Meg driving lessons; Stewie plots to rid the world of broccoli."
3,1,3,Chitty Chitty Death Bang,7.7,"1,951",04/18/1999,Peter tries to make the best of a bad situation after he ruins Lois's plans for Stewie's birthday party; Meg's new friend tries to recruit her into a cult.
4,1,4,Mind Over Murder,7.5,"1,855",04/25/1999,"Under house arrest, Peter transforms the basement into a bar, where Lois' singing becomes the main attraction."
5,1,5,A Hero Sits Next Door,7.5,"1,804",05/02/1999,"Peter becomes very jealous, when his handi-capable new neighbor turns out to be the new star player on the toy company's softball team."
6,1,6,The Son Also Draws,7.3,"1,743",05/09/1999,A chance encounter with a prune smoothie puts in motion a series of events that ultimately allows Peter to accept Chris' artistic side.
7,1,7,Brian: Portrait of a Dog,7.5,"1,770",05/16/1999,Brian's life is on the line after he refuses to be treated like a dog.
8,2,1,"Peter, Peter, Caviar Eater",7.7,"1,688",09/23/1999,Peter changes for the worse after he and Lois inherit a mansion in Newport.
9,2,2,Holy Crap,7.4,"1,616",09/30/1999,"Peter seeks divine inspiration, when his retired father comes to visit and makes life troublesome; Chris suffers a gastrointestinal impasse."
10,2,3,Da Boom,8.3,"1,968",12/26/1999,"Peter's paranoia about the end of the world makes the family cancel their New Year's Eve '99 plans, but for once, Peter is actually somewhat right."
11,2,4,Brian in Love,7.5,"1,555",03/07/2000,Brian turns to a therapist after his unrequited love for Lois causes him to lose control of his bladder.
12,2,5,Love Thy Trophy,7.7,"1,566",03/14/2000,Everyone on Spooner Street becomes enemies when a trophy they all won mysteriously goes missing; Meg makes extra tips as a waitress by telling everyone she's Stewie's teenage mother.
13,2,6,Death Is a Bitch,8.3,"1,795",03/21/2000,Death pays a visit to the Griffins after Peter fakes his death on an insurance form to avoid paying a hefty hospital bill.
14,2,7,The King Is Dead,7.4,"1,510",03/28/2000,"Lois becomes the director of the Quahog Player's Theatre, until Peter becomes producer and changes everything."
15,2,8,"I Am Peter, Hear Me Roar",8.1,"1,651",03/28/2000,Peter receives feminine training at a woman's retreat after his joke about women offends a female co-worker.
16,2,9,If I'm Dyin' I'm Lyin',7.4,"1,477",04/04/2000,Peter pretends Chris is dying so that Make-A-Dream-Come-True foundation can save a cancelled TV Show.
17,2,10,Running Mates,7.5,"1,465",04/11/2000,"Peter resorts to mudslinging, when he and Lois run as opponents in an election for the school board; Chris has a sexual awakening."
18,2,11,"A Picture Is Worth 1,000 Bucks",7.2,"1,466",04/18/2000,"Chris becomes the toast of the New York art scene, after Peter uses one his painting as the car's window."
19,2,12,Fifteen Minutes of Shame,7.6,"1,445",04/25/2000,"A vivacious actress will replace Meg, when a reality show based on the Griffins' home life becomes a ratings sensation in the MTV network."
20,2,13,Road to Rhode Island,8.3,"1,635",05/30/2000,Brian and Stewie embark on a cross-country journey home; Peter becomes addicted to marriage counselling videos hosted by an adult film star.
21,2,14,Let's Go to the Hop,7.9,"1,485",06/06/2000,Peter infiltrates the high school after it's gripped by a toad-licking craze.
22,2,15,Dammit Janet,7.5,"1,406",06/13/2000,Stevie falls madly in love with another toddler at his new daycare; Peter takes advantage of Lois' new career as a stewardess.
23,2,16,There's Something About Paulie,6.9,"1,503",06/27/2000,"The mob puts a hit out on Lois, after her meddling puts an end to Peter's unwanted friendship with a crime lord's obnoxious nephew."
24,2,17,He's Too Sexy for His Fat,7.8,"1,433",06/27/2000,"Peter's drastic plastic surgery and liposuction procedures will transform him from a fatherly slob into a beautiful snob, and the family is not sure what to do."
25,2,18,E. Peterbus Unum,8.2,"1,534",07/12/2000,A zoning malfunction committed by the city planners gives Peter the opportunity to convert the Griffin household in the sovereign nation of Petirua.
26,2,19,The Story on Page One,7.5,"1,343",07/18/2000,Peter substitutes Meg's dreary newspaper article on Mayor Adam West with a steamy exposé that tries to out Hollywood actor Luke Perry.
27,2,20,Wasted Talent,8.2,"1,535",07/25/2000,"Lois learns that Peter is a drunken savant when it comes to playing the piano, after he goes on a drinking binge to win one of Pawtucket Pat's silver scrolls."
28,2,21,"Fore, Father",7.2,"1,327",08/01/2000,Peter tries to teach Chris a lesson in responsibility by getting him a. Job at the local golf course; Brian convinces Stewie he was poisoned by a booster shot.
29,3,1,The Thin White Line,8.1,"1,512",07/11/2001,"Brian becomes a drug-sniffing dog for police to get out of a rut after taking the advice of his therapist, but the cocaine may be more than he can handle."
30,3,2,Brian Does Hollywood,7.7,"1,418",07/18/2001,"When Brian leaves the family for Hollywood with dreams of becoming a screenwriter and director, he winds up directing a porn video."
31,3,3,Mr. Griffin Goes to Washington,7.6,"1,358",07/25/2001,"After the toy company is taken over by a tobacco company, Peter is set up as the president and is sent to Washington to lobby against a bill."
32,3,4,"One If by Clam, Two If by Sea",7.6,"1,388",08/01/2001,"When a hurricane destroys The Drunken Clam, it is bought by a British man who turns it into an English pub to the dismay of Peter and the gang."
33,3,5,And the Wiener Is...,7.6,"1,343",08/08/2001,Peter becomes jealous of Chris' very large endowment.
34,3,6,Death Lives,8.0,"1,373",08/15/2001,"Peter dies again, and Death shows him the errors of his ways."
35,3,7,Lethal Weapons,7.3,"1,456",08/22/2001,"Lois takes Tae-Jitsu, quickly becomes a black-belt and scares away all of the frustrating New Yorkers that had come to Quahog to view the leaves."
36,3,8,The Kiss Seen Round the World,6.7,"1,456",08/29/2001,Meg takes an internship to work for Tom with Neil as her partner and kisses him during a life-threading situation that is caught on tape.
37,3,9,Mr. Saturday Knight,7.5,"1,332",09/05/2001,"Losing his job at the toy factory is he least of his concerns, when Peter is caught monkeying around with a renaissance fair wench."
38,3,10,A Fish Out of Water,7.1,"1,418",09/19/2001,"Peter tries to pay of the debts he accrued while pursuing his dream of owning a commercial fishing boat by catching an infamous, man-eating fish."
39,3,11,Emission Impossible,8.1,"1,449",11/08/2001,"After Peter helps deliver Lois's sister's baby, he and Lois decide to try to have another kid, but Stevie will attempt to foil their new plan."
40,3,12,To Love and Die in Dixie,8.2,"1,505",11/15/2001,"After Chris witnesses a convenience store robbery, the Griffins are put in the witness protection program and relocated to the Deep South."
41,3,13,Screwed the Pooch,7.4,"1,268",11/29/2001,"Brian confesses to Peter and Lois that he has had sexual yearnings lately, so Lois suggests that Brian join them for a change of scenery."
42,3,14,"Peter Griffin: Husband, Father... Brother?",7.6,"1,303",12/06/2001,"While learning about his family history, Chris discovers that one of Peter's ancestors was a black slave once owned by the Pewterschmidts."
43,3,15,"Ready, Willing and Disabled",7.6,"1,266",12/20/2001,Joe becomes a media darling after Peter spikes his sports drink with steroids during a track and field event for the disabled; the kids bicker over $26 they found.
44,3,16,A Very Special Family Guy Freakin' Christmas,7.7,"1,389",12/21/2001,Holiday mishaps include Lois going ballistic after losing her Christmas cheer and Peter not being able to watch the KISS Christmas special.
45,3,17,Brian Wallows and Peter's Swallows,7.5,"1,338",01/17/2002,Brian is sentenced to community service following a drunk driving episode; Peter cares for three endangered nestlings living in his freshly-grown beard.
46,3,18,From Method to Madness,7.5,"1,278",01/24/2002,"When Brian shows interest in theatre, Lois convinces him to try out for School of Performing Arts, but during the audition, Brian is dismissed by the judges."
47,3,19,"Stuck Together, Torn Apart",7.7,"1,247",01/31/2002,"Peter's jealously reaches its peak when going with Lois to the gynecologist, who prepares to examine Lois, but Peter refuses to let him near her."
48,3,20,Road to Europe,7.9,"1,363",02/07/2002,Stewie and Brian go on a Pan-European journey back home after becoming stranded in Saudi Arabia; Peter is aghast to learn Lois is not really a fan of KISS.
49,3,21,Family Guy Viewer Mail #1,7.6,"1,305",02/14/2002,Peter gets three wishes by a genie; The Griffins get superpowers; Quahog turns into the Little Rascals.
50,3,22,When You Wish Upon a Weinstein,7.4,"1,310",11/09/2003,"Driven by his tilted views on Judaism, Peter goes from finding a Jewish accountant to throwing Chris a Bar Mitzvah to make him smart. Meanwhile, a group of angry Catholics are trying to hunt down Peter."
51,4,1,North by North Quahog,7.8,"1,503",05/01/2005,"Peter and Lois try for a second honeymoon, but things go awry when he poses as Mel Gibson."
52,4,2,Fast Times at Buddy Cianci Jr. High,7.6,"1,330",05/08/2005,Chris gets seduced by his new homicidal English teacher; Brian becomes a substitute teacher to a class of thugs.
53,4,3,Blind Ambition,7.6,"1,273",05/15/2005,Peter's desire to become famous for something causes him to go blind.
54,4,4,Don't Make Me Over,7.5,"1,309",06/05/2005,"After a makeover, Meg becomes an insufferable starlet."
55,4,5,The Cleveland-Loretta Quagmire,7.6,"1,323",06/12/2005,Cleveland's wife Loretta has an affair with Quagmire.
56,4,6,Petarded,8.3,"1,691",06/19/2005,"After winning at the children's edition of trivial pursuit, Peter thinks he's a genius until testing proves that he's actually intellectually disabled."
57,4,7,Brian the Bachelor,7.4,"1,291",06/26/2005,"Brian takes part in ""The Bachelorette""; Chris takes advice from his talking pimple."
58,4,8,8 Simple Rules for Buying My Teenage Daughter,7.6,"1,272",07/10/2005,Peter resorts to selling Meg to Mort Goldman to pay off his pharmacy tab; Stewie falls in love with his babysitter.
59,4,9,Breaking Out Is Hard to Do,7.6,"1,227",07/17/2005,"Lois goes to jail after a shoplifting crime spree, but when the family breaks her out, they're forced to live in Asiantown."
60,4,10,Model Misbehavior,7.3,"1,208",07/24/2005,"Lois becomes a model, but goes overboard with the glamour life."
61,4,11,Peter's Got Woods,7.6,"1,316",09/11/2005,"Brian tries to rename James Woods High School, but Peter pulls out a surprise weapon."
62,4,12,The Perfect Castaway,7.7,"1,218",09/18/2005,"Peter and the guys get stranded on an island, and after being rescued months later, Peter realizes things aren't what they used to be."
63,4,13,Jungle Love,7.3,"1,210",09/25/2005,"To avoid Freshman hazing, Chris runs away to South America, when the family get him, Peter learns that he's the richest man in the tribe."
64,4,14,PTV,8.6,"1,973",11/06/2005,"After an incident at the Emmys, the FCC overreacts, so Peter decides to start his own cable network, until the FCC shut him down and start censoring his life."
65,4,15,Brian Goes Back to College,7.8,"1,250",11/13/2005,Brian re-enrolls at Brown while Peter and the guys become the new A-Team.
66,4,16,The Courtship of Stewie's Father,7.7,"1,220",11/20/2005,Peter tries to bond with Stewie in a number of different ways.
67,4,17,Fat Guy Strangler,8.0,"1,431",11/27/2005,"Lois discovers a long-lost brother, but her new relative has a deadly secret."
68,4,18,"The Father, the Son and the Holy Fonz",7.3,"1,221",12/18/2005,"During one of his visits Peter's father, Francis, discovers that Stewie has never been baptized, so without Lois' permission Peter and Francis go to church and have him baptized. Upon discovering this, Lois convinces Peter that Stewie should have been able to worship whomever he wanted regardless of his father's religion. Naturally Peter interprets Lois' wisdom the wrong way so decides to start his own religious group that praises the television character, Arthur ""Fonzie"" Fonzarelli."
69,4,19,Brian Sings and Swings,7.3,"1,218",01/08/2006,"Brian and Stewie go on tour singing classic tunes with Frank Sinatra, Jr."
70,4,20,Patriot Games,7.8,"1,403",01/29/2006,"After quarterback Tom Brady witnesses Peter pummeling several people in order to get to the bathroom, he recruits him to play for the New England Patriots."
71,4,21,"I Take Thee, Quagmire",7.5,"1,234",03/12/2006,Quagmire falls in love with and marries the maid that Peter won on a game show only to find out that she's a psycho and must figure out a way to get out of it.
72,4,22,Sibling Rivalry,7.6,"1,214",03/26/2006,"Peter reluctantly agrees to get a vasectomy, and refuses to have sex, causing Lois to gain weight; Stewie's half-brother Bertram declare an all-out war for control over the playground."
73,4,23,Deep Throats,7.5,"1,210",04/09/2006,"While Meg interns for Mayor West, Brian uncovers a scandal; Peter and Lois decide to reunite their old groovy band"
74,4,24,Peterotica,7.6,"1,204",04/23/2006,"Peter writes an erotic novel, but a lawsuit leaves his investor, Carter, broke, forcing him to move in with the Griffins; Stewie trains for the Olympics."
75,4,25,You May Now Kiss the... Uh... Guy Who Receives,7.3,"1,186",04/30/2006,"Brian's gay cousin Jasper comes to town to marry his fiancé, until Mayor West bans gay marriage to distract everyone from a financial scandal."
76,4,26,Petergeist,7.9,"1,329",05/07/2006,Peter's attempt to open build a movie theater on the Indian burial ground in his backyard releases a poltergeist that sucks Stewie into the television set.
77,4,27,The Griffin Family History,7.7,"1,238",05/14/2006,"When burglars break into the house, the Griffins take cover in the attic, where Peter tells them about their family history."
78,4,28,Stewie B. Goode,7.7,"1,079",05/21/2006,A near-death experience inspires Stewie to change his life.
79,4,29,Bango Was His Name Oh!,7.6,"1,058",05/21/2006,Stewie searches a man he saw on TV whom he believes is his real father.
80,4,30,Stu & Stewie's Excellent Adventure,7.8,"1,137",05/21/2006,"Stewie meets his future self, who lives a pathetic life."
81,5,1,Stewie Loves Lois,8.2,"1,471",09/10/2006,"After she saves Rupert, Stewie smothers Lois with affection; After his first prostate exam, Peter sues Dr. Hartman for sexual harassment."
82,5,2,Mother Tucker,7.4,"1,233",09/17/2006,Peter's mom starts dating Tom Tucker; Brian and Stewie host their own raunchy radio program.
83,5,3,Hell Comes to Quahog,7.6,"1,193",09/24/2006,"Meg takes a job at a new superstore, which causes Peter to lose his job and the town's electricity."
84,5,4,Saving Private Brian,7.7,"1,316",11/05/2006,Stewie and Brian join the army and are sent to Iraq; Chris becomes the lead singer of a rock band.
85,5,5,Whistle While Your Wife Works,7.7,"1,216",11/12/2006,"Lois does Peter's work while he recovers from losing his fingers in an accident; Brian begins dating an unintelligent woman, much to Stewie's delight."
86,5,6,Prick Up Your Ears,7.4,"1,198",11/19/2006,"Lois becomes the school's sex ed teacher, but is fired for having ""radical"" views; Stewie attempts to kill the Tooth Fairy."
87,5,7,Chick Cancer,7.5,"1,195",11/26/2006,Stewie tries to win over retired child actress Olivia; Peter makes his own chick flick.
88,5,8,Barely Legal,7.9,"1,305",12/17/2006,"After taking her to the prom, Meg becomes obsessed with Brian; The guys join the police force to help Joe."
89,5,9,Road to Rupert,7.9,"1,301",01/28/2007,"After Brian accidentally sells Rupert at a yard sale, he and Stewie travel to Aspen to get him back; Meg is forced to be Peter's driver after he loses his license."
90,5,10,Peter's Two Dads,7.7,"1,227",02/11/2007,"After Francis dies, Peter learns his real father lives in Ireland, so he and Brian set out to find him."
91,5,11,The Tan Aquatic with Steve Zissou,7.6,"1,191",02/18/2007,Peter becomes the neighborhood bully; Stewie has a cancer scare after staying in a tanning bed too long.
92,5,12,Airport '07,7.7,"1,251",03/04/2007,Peter becomes a redneck and gets Quagmire fired. So the gang sets out to get Quagmire his job back.
93,5,13,Bill & Peter's Bogus Journey,7.2,"1,193",03/11/2007,"Peter's attempts to become physically fit lead to a friendship with Bill Clinton, which inadvertently nearly destroys Peter & Lois' marriage."
94,5,14,No Meals on Wheels,7.2,"1,127",03/25/2007,"After Peter finds a valuable coin and sells it for $50,000, he opens his own restaurant, but things don't end well when he bans Joe and all of his handicapped friends."
95,5,15,Boys Do Cry,7.3,"1,139",04/29/2007,"When Stewie gets sick from communion, the town is convinced he's possessed by the devil, forcing the family to go on the run, and end up in Texas."
96,5,16,No Chris Left Behind,7.4,"1,170",05/06/2007,"After being expelled for having the lowest average standardized test score, Chris is accepted into a snobby private school, forcing the family to struggle to pay the tuition."
97,5,17,"It Takes a Village Idiot, and I Married One",7.5,"1,139",05/13/2007,"Lois becomes the new Mayor of Quahog, but soon becomes corrupt with power."
98,5,18,Meet the Quagmires,8.4,"1,583",05/20/2007,"Death grants Peter's wish to go back in time to 1984 to be 18 again, but when he bails on Lois, he soon learns he's alters the present, where Lois is married to Quagmire."
99,6,1,Blue Harvest,8.2,"6,733",09/23/2007,"With the Griffins stuck at home during a blackout, Peter tells the story of Star Wars Episode IV: A New Hope."
100,6,2,Movin' Out (Brian's Song),7.2,"1,210",09/30/2007,"Brian moves in with Jillian, but Stewie moves in to to help pay the rent. Meg and Chris both get jobs at the local convenience store."
101,6,3,"Believe It or Not, Joe's Walking on Air",7.4,"1,214",10/07/2007,"Joe gets a leg transplant to allow him to walk again, only for his new legs to make him abandon Bonnie and the guys."
102,6,4,Stewie Kills Lois,8.4,"1,616",11/04/2007,"Stewie kills Lois, and one year after her disappearance, Peter is charged with her death."
103,6,5,Lois Kills Stewie,8.4,"1,581",11/11/2007,"With Lois back in Quahog, Stewie escapes with Brian to Washington, D.C. and sets out to initiate his latest plan for world domination."
104,6,6,Padre de Familia,6.8,"1,185",11/18/2007,"Peter discovers that he is an illegal Mexican immigrant, so he is forced to take a job as a day laborer for Lois's father."
105,6,7,Peter's Daughter,7.3,"1,164",11/25/2007,"When Meg awakens from a coma, Peter vows to treat her better than before, but doesn't approve of her dating an attractive doctor."
106,6,8,McStroke,7.6,"1,323",01/13/2008,Peter sues a fast food chain after he suffers a stroke from eating over 30 hamburgers in one sitting.
107,6,9,Back to the Woods,7.5,"1,225",02/17/2008,James Woods gets his revenge on Peter by stealing his identity and moving in with his family.
108,6,10,"Play It Again, Brian",7.2,"1,153",03/02/2008,"Brian decides to declare his love for Lois as she and Peter accompany him to a writers' convention, and the Griffin kids are babysat by Herbert."
109,6,11,The Former Life of Brian,6.8,"1,133",04/27/2008,"When Brian decides to look up an old flame on a whim, he discovers, to his horror, that he is the father of her teenage son."
110,6,12,Long John Peter,7.6,"1,226",05/04/2008,"Peter begins to act like a pirate when he gets a parrot, creating havoc in Quahog; Chris falls for vet intern Anna."
111,7,1,Love Blactually,6.7,"1,288",09/28/2008,"Stewie convinces Brian to take it slow with his new girlfriend, but she becomes impatient and hooks up with Cleveland. Brian then tries to get Cleveland back together with his ex-wife Loretta to get him out of the picture."
112,7,2,I Dream of Jesus,8.0,"1,828",10/05/2008,"Peter discovers that Jesus Christ is working at a used record store in Quahog, and sets out to let everyone know that he has come back."
113,7,3,Road to Germany,8.1,"1,580",10/19/2008,Stewie and Brian use a time machine to go back to Nazi-era Poland and rescue Mort.
114,7,4,Baby Not on Board,7.4,"1,231",11/02/2008,"The Griffins decide to take a vacation to the Grand Canyon, only to leave Stewie behind."
115,7,5,The Man with Two Brians,7.6,"1,213",11/09/2008,"Peter gets the Griffins a new, younger dog to eventually replace an aging Brian."
116,7,6,Tales of a Third Grade Nothing,7.2,"1,183",11/16/2008,Peter must pass the third grade in order to get a promotion at the brewery; Stewie turns Brian and Frank Sinatra Jr.'s nightclub into a trendy hotspot.
117,7,7,Ocean's Three and a Half,7.6,"1,252",02/15/2009,"The guys try to help Joe and Bonnie get money for their hospital bill after their baby is born, a baby who Stewie develops a crush on."
118,7,8,Family Gay,7.5,"1,323",03/08/2009,Peter becomes temporarily gay after participating in a medical study.
119,7,9,The Juice Is Loose!,6.3,"1,220",03/15/2009,Everyone is up in arms after Peter becomes friends with O.J. Simpson.
120,7,10,FOX-y Lady,6.9,"1,131",03/22/2009,Lois becomes a Fox News anchor; Peter and Chris try to sell a cartoon pilot to the Fox network.
121,7,11,Not All Dogs Go to Heaven,7.6,"1,480",03/29/2009,Meg becomes religious and tries to convert Brian from Atheism; Stewie teleports the cast of Star Trek: The Next Generation to Quahog.
122,7,12,420,7.5,"1,327",04/19/2009,Brian becomes the leading proponent for legalization of marijuana in Quahog.
123,7,13,Stew-Roids,8.0,"1,343",04/26/2009,Stewie begins taking steroids after being beat up by Susie; Chris starts dating popular girl Connie.
124,7,14,We Love You Conrad,7.4,"1,166",05/03/2009,"Brian dates ""Hills"" star Lauren Conrad while trying to hide the fact that he is in love with someone else."
125,7,15,Three Kings,8.2,"1,469",05/10/2009,"A series of parodies based on the Stephen King movies ""Stand by Me,"" ""Misery,"" and ""The Shawshank Redemption."""
126,7,16,Peter's Progress,7.2,"1,172",05/17/2009,The story of Griffin Peterson and the founding of Quahog.
127,8,1,Road to the Multiverse,9.1,"2,928",09/27/2009,Brian and Stewie explore a series of alternate universes.
128,8,2,Family Goy,7.1,"1,195",10/04/2009,"When Lois finds out her mother was a Holocaust survivor, Peter decides to adopt the Jewish faith."
129,8,3,Spies Reminiscent of Us,6.8,"1,163",10/11/2009,"With the help of Chevy Chase and Dan Aykroyd, Stewie and Brian discover that Mayor West is a Cold War sleeper agent; Peter and the guys start an improv group."
130,8,4,Brian's Got a Brand New Bag,7.2,"1,129",11/08/2009,"Brian becomes the laughing stock of the family when he begins dating an older woman, but things get worse when she breaks her hip and he has to be her errand-boy."
131,8,5,Hannah Banana,7.1,"1,147",11/08/2009,"Brian helps Stewie meet Miley Cyrus, only to discover a secret about her identity; The family discovers that the evil monkey in Chris's closet isn't actually evil."
132,8,6,Quagmire's Baby,7.3,"1,115",11/15/2009,"Quagmire is forced to take care of a baby he fathered when she is left on his doorstep, while Stewie creates clones of himself and Brian."
133,8,7,Jerome Is the New Black,7.1,"1,106",11/22/2009,"The guys find a new black friend to join their group, until Peter finds out that he slept with Lois. Meanwhile, Brian tries to find out why Quagmire hates him and tries to make amends."
134,8,8,Dog Gone,7.5,"1,098",11/29/2009,"After accidentally killing another dog and surprised that no one cares, Brian tries to convince everyone that dogs should have the same value as humans."
135,8,9,Business Guy,7.4,"1,192",12/13/2009,Peter takes over Pewterschmidt Industries when Carter has a heart attack and goes into a coma.
136,8,10,Big Man on Hippocampus,7.6,"1,076",01/03/2010,"When Peter develops amnesia after hitting his head, he forgets everything and everyone, forcing the family to help regain his memory."
137,8,11,Dial Meg for Murder,7.5,"1,132",01/31/2010,"Meg goes to prison after her boyfriend escapes from jail, and returns as a frightening, hardened sociopath."
138,8,12,Extra Large Medium,6.8,"1,101",02/14/2010,Peter pretends to be a psychic after Lois sees one after Chris and Stewie get lost in the woods; Chris asks a girl with Down Syndrome out on a date.
139,8,13,"Go, Stewie, Go!",7.3,"1,075",03/14/2010,"Stewie poses as a girl so that he can appear on Jolly Farm, and falls for a female co-star; Peter makes Lois feel bad about her age."
140,8,14,Peter-assment,6.8,"1,057",03/21/2010,"Peter is sexually harassed by Angela, but will he follow through with her advances and keep his job?"
141,8,15,Brian Griffin's House of Payne,7.2,"1,062",03/28/2010,CBS turns Brian's pilot for a heartwarming drama into a sitcom starring James Woods; Meg and Chris try to hide Stewie's accidental head injury.
142,8,16,April in Quahog,7.2,"1,025",04/11/2010,Peter makes an embarrassing confession about his kids as everyone thinks the world is about to come to an end.
143,8,17,Brian & Stewie,7.6,"1,995",05/02/2010,Brian and Stewie get locked in a bank vault where they are forced to deal with each other on a whole new level.
144,8,18,Quagmire's Dad,7.5,"1,256",05/09/2010,"Quagmire's dad undergoes a sex change, and Brian, who was out of town for a seminar, ends up sleeping with him after the sex change."
145,8,19,The Splendid Source,7.3,"1,073",05/16/2010,"With Cleveland's help, Peter, Joe and Quagmire blow off a couples getaway to Maine to search for the origin of the worlds funniest dirty joke."
146,8,20,"Something, Something, Something, Dark Side",7.7,"5,718",05/23/2010,Peter makes good on another power outage at home by retelling Star Wars Episode V: The Empire Strikes Back.
147,8,21,Partial Terms of Endearment,7.3,"1,033",06/20/2010,"Lois agrees to be a surrogate mother for her friend, but when she unexpectedly dies, Lois and Peter argue over whether to continue with the pregnancy."
148,9,1,And Then There Were Fewer,8.6,"2,298",09/26/2010,"The residents of Quahog are invited to James Woods' house, where a murder mystery takes place."
149,9,2,Excellence in Broadcasting,6.6,"1,252",10/03/2010,Brian does a 180 on Rush Limbaugh and befriends him after he reads one of his books.
150,9,3,Welcome Back Carter,7.0,"1,047",10/10/2010,"After Peter catches Carter having an affair, he is strong-armed into keeping a secret, until he accidentally spills the beans."
151,9,4,Halloween on Spooner Street,7.9,"1,256",11/07/2010,Peter and Joe team up to execute Halloween pranks on Quagmire; Brian shows Stewie the ropes of trick-or-treating; Meg sets out to attend her first high school Halloween party.
152,9,5,"Baby, You Knock Me Out",7.1,"1,117",11/14/2010,"Lois becomes a champion foxy boxer, and Peter acts as her manager."
153,9,6,Brian Writes a Bestseller,6.8,"1,225",11/21/2010,"Brian's self-help book becomes a best-seller after Stewie becomes his manager; Lois decides that she and Peter need separate beds, leaving him to look for a new cuddle buddy."
154,9,7,Road to the North Pole,8.3,"1,744",12/12/2010,"Disappointed with the Mall Santa, Stewie and Brian decide to go up to the North Pole to teach Santa a lesson, only to face a shocking revelation."
155,9,8,New Kidney in Town,7.5,"1,130",01/09/2011,Peter needs a new kidney after he destroys his making his own Red Bull; Chris gets to introduce President Obama after plagiarizing Meg's poem.
156,9,9,And I'm Joyce Kinney,7.1,"1,013",01/16/2011,"Lois becomes friends with the new news anchor, only to have her reveal Lois's most embarrassing secret on air."
157,9,10,Friends of Peter G.,7.3,"1,086",02/13/2011,"After a public disturbance, Peter and Brian are forced to attend a 12-step meeting to help kick their drinking problems. Unable to recognize his issue, Peter gets a visit from Death, who gives him a glimpse of what life would be like with and without ""Mr. Booze"" in his bloodstream."
158,9,11,German Guy,6.8,"1,125",02/20/2011,A jealous Mr. Herbert tries to tell Chris that the elderly German puppeteer that he is hanging out with is actually a notorious Nazi war criminal.
159,9,12,The Hand That Rocks the Wheelchair,7.2,"1,072",03/06/2011,"While taking care of Joe, Meg develops a crush on him; Stewie creates an evil clone who escapes the house."
160,9,13,Trading Places,7.2,"1,056",03/20/2011,"Chris and Meg think their parents have it easy, and Peter and Lois beg to differ, so in order to teach them a lesson, they all trade places."
161,9,14,Tiegs for Two,7.1,984,04/10/2011,"Brian enlists Quagmire's help to score a date with a new friend, but things get nasty when they start to compete for the affections of each other's old flames, Cheryl Tiegs and Jillian."
162,9,15,Brothers & Sisters,6.9,982,04/17/2011,"After yet another failed marriage, Lois' sister, Carol, comes to stay, and quickly falls in love with Mayor West."
163,9,16,The Big Bang Theory,8.1,"1,279",05/08/2011,Stewie and Brian go back in time to stop Bertram from killing Leonardo da Vinci.
164,9,17,Foreign Affairs,6.4,983,05/15/2011,"Lois goes on a vacation with Bonnie to Paris, unaware of her intentions; Peter homeschools Chris and Meg."
165,9,18,It's a Trap!,7.3,"9,302",05/22/2011,The Griffins reprise their intergalactic roles in an outrageous retelling of Return of the Jedi.
166,10,1,Lottery Fever,7.3,"1,434",09/25/2011,"When the Griffins win millions in the lottery, they can't handle the good fortune and struggle to stay grounded."
167,10,2,Seahorse Seashell Party,6.4,"1,563",10/02/2011,"As a hurricane hits Quahog, Brian gets high on mushrooms; Meg finally summons up the courage to confront the family."
168,10,3,Screams of Silence: The Story of Brenda Q,6.2,"1,398",10/30/2011,Quagmire and the guys try to save his sister Brenda from her abusive boyfriend.
169,10,4,Stewie Goes for a Drive,7.1,"1,188",11/06/2011,Stewie runs away after crashing Brian's car; Peter befriends Ryan Reynolds.
170,10,5,Back to the Pilot,8.8,"2,058",11/13/2011,"Brian and Stewie travel back in time to January 31, 1999 to change history, only to alter the past with dire consequences."
171,10,6,Thanksgiving,6.7,"1,117",11/20/2011,"Joe's son, who was reported missing in Iraq, suddenly and unexpectedly appears during Thanksgiving dinner, but the story of his disappearance doesn't add up."
172,10,7,Amish Guy,7.0,"1,046",11/27/2011,"The Griffins stay in an Amish village after their car breaks down, but problems arise when Meg falls for a boy in the village."
173,10,8,Cool Hand Peter,7.5,"1,069",12/04/2011,"Peter and the guys take a stand against their wives and flee to the Deep South on a road trip, only to earn a one-way ticket to jail."
174,10,9,Grumpy Old Man,6.7,984,12/11/2011,"Lois's dad retires to a senior community in Florida, but has trouble getting used to it."
175,10,10,Meg and Quagmire,7.2,"1,096",01/08/2012,"When Meg turns 18, Quagmire tries to make his move on her, but Peter tries to stop him."
176,10,11,The Blind Side,7.8,"1,145",01/15/2012,Brian dates a blind woman who hates dogs; Peter can't stop falling down the new stairs.
177,10,12,Livin' on a Prayer,7.0,998,01/29/2012,Lois takes matters into her own hands when Stewie's sick friend is denied medical treatment by his Christian Scientists parents.
178,10,13,Tom Tucker: The Man and His Dream,6.8,989,02/12/2012,Peter helps Tom Tucker revive his acting career; Chris starts dating a girl who looks exactly like Lois.
179,10,14,Be Careful What You Fish For,7.0,"1,152",02/19/2012,"Peter befriends a dolphin who moves in, and soon becomes annoying; Stewie asks for Brian's help in busting a negligent day care worker."
180,10,15,Burning Down the Bayit,6.8,946,03/04/2012,"Mort, Peter and Quagmire burn down Goldman's pharmacy to collect the insurance money, but things go awry when Joe starts to look into the case."
181,10,16,Killer Queen,7.4,"1,040",03/11/2012,"Peter and Chris are sent to fat camp, where a serial killer targets overweight kids; Stewie is traumatized by the frightening Queen album cover."
182,10,17,Forget-Me-Not,8.0,"1,135",03/18/2012,"After a car accident, Peter, Brian, Joe, and Quagmire wake up in a hospital with no memory and discover that they're the last people left on Earth."
183,10,18,"You Can't Do That on Television, Peter",7.1,976,04/01/2012,"Peter creates his own children's TV show, portraying Lois as an annoying nag; Meg shadows Dr. Hartman."
184,10,19,Mr. & Mrs. Stewie,7.7,"1,081",04/29/2012,Stewie falls for a girl who's just as wicked as him; Peter and Quagmire take their friendship to the next level.
185,10,20,Leggo My Meg-O,7.7,"1,072",05/06/2012,"When Meg and her friend are kidnapped in Paris, Stewie and Brian fly to Paris to rescue her."
186,10,21,Tea Peter,6.6,987,05/13/2012,"Peter joins the Tea Party, only to discover that Carter Pewterschmidt is using the party to get rid of the government for his own selfish motives."
187,10,22,Family Guy Viewer Mail #2,7.7,"1,116",05/20/2012,A British version of Family Guy; Everybody Peter touches turns into Robin Williams; A day through Stewie's point of view.
188,10,23,Internal Affairs,7.4,"1,016",05/20/2012,"Peter talks Joe into having an affair with his new attractive partner, until Bonnie finds out."
189,11,1,Into Fat Air,7.3,"1,325",09/30/2012,The Griffins try to beat Lois's obnoxious ex-boyfriend's family to the top of Mount Everest.
190,11,2,Ratings Guy,7.2,"1,124",10/07/2012,"After the Griffins become a Nielsen Family, everyone gets mad at Peter for convincing the networks to make ridiculous changes to popular shows."
191,11,3,The Old Man and the Big 'C',6.8,996,11/04/2012,"Brian and Stewie learn that Carter Pewterschmidt's company has developed a cure for cancer, but is keeping it from the public."
192,11,4,Yug Ylimaf,8.4,"1,508",11/11/2012,"Brian causes time to move backwards when he tampers with Stewie's time machine, which may result in Stewie being unborn."
193,11,5,Joe's Revenge,7.2,971,11/18/2012,"Joe, with the help of Peter and Quagmire, looks to track down the person responsible for his injuries."
194,11,6,Lois Comes Out of Her Shell,7.4,"1,103",11/25/2012,Lois goes through a mid-life crisis; Stewie discovers that his new pet turtle is evil.
195,11,7,Friends Without Benefits,7.0,969,12/09/2012,Meg finds out that her crush is actually gay and is interested in Chris.
196,11,8,"Jesus, Mary and Joseph!",6.8,"1,086",12/23/2012,The Griffins decorate their tree while Peter tells the story of Christmas.
197,11,9,Space Cadet,7.2,986,01/06/2013,The Griffins wind up stuck in orbit on a space shuttle after Peter and Lois send Chris to Florida for space camp.
198,11,10,Brian's Play,7.1,990,01/13/2013,"Brian receives widespread acclaim for his new play, until Stewie writes one overnight that puts his to shame."
199,11,11,The Giggity Wife,7.0,983,01/27/2013,"After a drunken night out at Harvard with the guys, Quagmire discovers that he married a decrepit old prostitute."
200,11,12,Valentine's Day in Quahog,7.3,957,02/10/2013,Shows how the individual characters spend their Valentine's Day.
201,11,13,Chris Cross,6.7,928,02/17/2013,"Chris is fed up with Meg blackmailing him, so he moves in with Mr. Herbert; Stewie and Brian become huge fans of Anne Murray."
202,11,14,Call Girl,6.8,937,03/10/2013,"Lois works for a phone sex line and Peter falls in love with her, not knowing that he is actually speaking to his wife."
203,11,15,Turban Cowboy,6.7,"1,032",03/17/2013,Peter becomes a Muslim but later discovers that he is also part of a terrorist plot to blow up a bridge in Quahog.
204,11,16,12 and a Half Angry Men,7.5,995,03/24/2013,"Mayor West is on trial for murder, and Brian is the only one on the jury who thinks he is not guilty."
205,11,17,Bigfat,6.8,928,04/14/2013,Peter reverts back to a feral state after being lost in the Canadian wilderness for two months after a plane crash.
206,11,18,Total Recall,7.1,880,04/28/2013,Stewie tries to rescue Rupert after he is recalled; Lois hangs out with Joe and Quagmire while Peter is sick.
207,11,19,Save the Clam,6.6,878,05/05/2013,The guys fight to save The Drunken Clam from closing after Horace dies; Meg gets a job at a funeral home.
208,11,20,Farmer Guy,7.2,908,05/12/2013,"Due to the high crime rate in Quaghog, the family move to a farm, where they discover a meth lab in the basement."
209,11,21,Roads to Vegas,7.9,"1,064",05/19/2013,Stewie's teleportation device malfunctions when he and Brian use it to travel to Las Vegas.
210,11,22,No Country Club for Old Men,6.6,911,05/19/2013,"The Griffins are introduced to the Country Club lifestyle when Chris begins dating the owner's daughter, much to the chagrin of Carter."
211,12,1,Finders Keepers,6.9,"1,280",09/29/2013,Peter goes on a real-life treasure hunt based on a treasure map from a child's meal menu.
212,12,2,Vestigial Peter,5.7,"1,337",10/06/2013,"Peter has a vestigial twin growing of his neck, and he has surgery to remove it and have it become a separate entity."
213,12,3,Quagmire's Quagmire,7.1,"1,182",11/03/2013,Quagmire begins dating a sexually insatiable woman; Stewie finds himself torn between Rupert and his old teddy bear Oscar.
214,12,4,A Fistful of Meg,6.6,"1,165",11/10/2013,Meg turns to Quagmire for help taking on a school bully; Brian looks for a way to get back at Peter for forcing him to see him naked.
215,12,5,Boopa-dee Bappa-dee,6.4,"1,120",11/17/2013,The Griffins take a trip to Italy and are forced to deal with annoying immigration laws after Peter destroys the family's passports.
216,12,6,Life of Brian,4.4,"2,672",11/24/2013,"Brian dies and Stewie cannot use his time machine to save him. Meanwhile, Peter replaces Brian with an Italian dog named Vinny."
217,12,7,Into Harmony's Way,6.1,"1,445",12/08/2013,Fame gets to Peter when he forms a song writing team with Quagmire.
218,12,8,Christmas Guy,7.6,"1,473",12/15/2013,"Peter fills Carter with the spirit of Christmas. Meanwhile, Stewie goes back in time to save Brian."
219,12,9,Peter Problems,6.5,"1,071",01/05/2014,Lately Peter hasn't been able to perform very well in the bedroom. So he asks Quagmire and Joe to step in and help him get his mojo back.
220,12,10,Grimm Job,6.9,"1,108",01/12/2014,"Peter tells Stewie the stories ""Jack and the Beanstalk,"" ""Little Red Riding Hood,"" and ""Cinderella."""
221,12,11,Brian's a Bad Father,5.9,"1,077",01/26/2014,"Brian uses his son to get a writing job for a TV show, and Quagmire stops being friends with Peter after Peter shoots him."
222,12,12,Mom's the Word,6.3,990,03/09/2014,"Peter is seduced by his late mother's longtime friend, while Stewie is distraught over the realities of death."
223,12,13,3 Acts of God,6.4,978,03/16/2014,Peter and the guys set out to find God and ask him to stop interfering in the outcomes of football games.
224,12,14,Fresh Heir,5.2,"1,114",03/23/2014,"When Carter makes Chris the sole future heir to his fortune after caring for him, Peter takes drastic measures to keep the wealth within his reach."
225,12,15,Secondhand Spoke,6.8,941,03/30/2014,"Peter is asked to be the face of an anti-smoking campaign after taking up smoking cigarettes, while Stewie helps Chris face school bullies."
226,12,16,"Herpe, the Love Sore",5.6,"1,055",04/06/2014,"Stewie gets herpes from Brian, while Peter and the guys discover that another group has taken their favorite booth at the Drunken Clam."
227,12,17,The Most Interesting Man in the World,6.9,948,04/13/2014,"Lois calls Peter an idiot for bringing home the wrong baby, so he goes to Chicago on a business trip and returns a smart, classy person."
228,12,18,Baby Got Black,6.8,956,04/27/2014,"Chris runs away with Jerome's daughter Pam, whom Jerome has forbidden Chris from dating, so Jerome must work with Peter to find their kids."
229,12,19,Meg Stinks!,7.1,906,05/04/2014,"Peter takes Meg to a college for an interview, but end up partying; Brian is forced to live outside after being sprayed by a skunk."
230,12,20,He's Bla-ack!,7.1,918,05/11/2014,"Cleveland returns to Quahog, but is forbidden from spending time with Peter when their wives get into an argument over parenting."
231,12,21,Chap Stewie,7.0,900,05/18/2014,"Stewie tries to erase himself from history when Peter and Chris constantly interrupt his TV time, only to end up as the baby of a British family."
232,13,1,The Simpsons Guy,8.4,"4,158",09/28/2014,"After fleeing Quahog due to Peter's misogynistic comic strip, the Griffins get their car stolen and end up getting stuck in Springfield."
233,13,2,The Book of Joe,6.6,999,10/05/2014,Peter is hired to read Joe's new children's book; Brian takes up running to impress a girl.
234,13,3,Baking Bad,6.9,"1,016",10/19/2014,"Peter and Lois open a bakery, but things get out of hand when Peter comes up with a way to attract customers."
235,13,4,Brian the Closer,6.6,986,11/09/2014,"After getting a cosmetic surgery, Brian becomes a real estate agent, only to get in trouble with Quagmire."
236,13,5,Turkey Guys,6.8,949,11/16/2014,"On the night before Thanksgiving, Peter and Brian get drunk and eat the whole turkey, so they have to get a new one on Thanksgiving Day. With Peter gone, Stewie tries to help Chris take over as the man of the house."
237,13,6,"The 2,000-Year-Old Virgin",5.8,"1,149",12/07/2014,Peter and the guys set out to throw Jesus the best birthday party in order to help him lose his virginity.
238,13,7,"Stewie, Chris & Brian's Excellent Adventure",7.4,994,01/04/2015,"Stewie and Brian take Chris back through time to help him with history class, only to end up stuck in the past."
239,13,8,Our Idiot Brian,7.0,926,01/11/2015,"Brian begins to think he's not so smart when he takes the SAT'S for Meg and gets a low score, so Peter decides to show him the joys of being an idiot."
240,13,9,This Little Piggy,6.8,880,01/25/2015,Meg becomes a foot-fetish model; Brian accompanies Stewie on an adventure outside of preschool.
241,13,10,Quagmire's Mom,6.6,940,02/08/2015,"Quagmire faces charges of statutory rape, and during his trial, his mom makes a surprise appearance to explain why he is the way that he is."
242,13,11,Encyclopedia Griffin,6.5,861,02/15/2015,"Peter and the guys start a detective agency and discover that Chris is a thief. In the meantime, Lois is worried about Chris when gets involved in a delusional relationship."
243,13,12,Stewie Is Enceinte,5.7,"1,208",03/08/2015,"Stewie impregnates himself with Brian's DNA to save their friendship, while Peter and the guys try to make a viral video."
244,13,13,Dr. C and the Women,6.5,841,03/15/2015,"Cleveland becomes an unlicensed therapist and gives Lois marriage advice that Peter does not like, and Quagmire gets Meg a job working in airport security."
245,13,14,#JOLO,7.1,846,04/12/2015,"Joe decides to embrace life by taking the guys on a road trip to Niagra Falls, where he makes an unexpected decision."
246,13,15,Once Bitten,6.7,838,04/19/2015,Brian becomes more submissive as a result of attending obedience school and Chris discovers his new friend is using him to get close to Meg.
247,13,16,Roasted Guy,7.2,887,04/26/2015,"When Peter's insulted by old friends at a roasting of him, he joins a group of mean girls."
248,13,17,Fighting Irish,6.9,908,05/03/2015,"Peter prepares for a fight with Liam Neeson, while Lois becomes a class mom and pays more attention to the other children over Stewie."
249,13,18,Take My Wife,7.3,873,05/17/2015,"Lois books a couple's vacation, but it turns out to be a marriage counseling program. Carter is frustrated because the kids are so into their electronics."
250,14,1,Pilling Them Softly,7.2,"1,010",09/27/2015,Stewie gets addicted to Adderal; Peter and Quagmire make their own cooking shows which rival each other.
251,14,2,Papa Has a Rollin' Son,7.1,927,10/04/2015,"When Joe learns his father hates handicapped people, Peter pretends to be Joe; Stewie becomes friends with Tom Cruise after learning he will grow up to be only 5'1."
252,14,3,"Guy, Robot",7.0,904,10/11/2015,Stewie builds a robot friend; Lois makes Peter buy a new mattress.
253,14,4,Peternormal Activity,7.6,963,10/25/2015,Things go horribly wrong when the guys try to come up with a horror movie; Stewie becomes irritated by Brian's new glasses.
254,14,5,"Peter, Chris & Brian",6.8,842,11/08/2015,"After watching a VHS tape of his younger self, Peter, with Brian's help, launch a plan to make sure Chris doesn't take the same path."
255,14,6,Peter's Sister,6.5,854,11/15/2015,"Peter's sister Karen comes over for Thanksgiving, while Stewie goes a little too far as he and Brian go on a cleanse to avoid overeating."
256,14,7,Hot Pocket-Dial,6.7,823,11/22/2015,"Quagmire finally confesses his love for Lois, but it happens while he accidentally pocket dials Peter, who is furious, so Brian tries to fix the situation."
257,14,8,Brokeback Swanson,6.8,817,12/06/2015,Joe becomes a quadriplegic while Brian has an affair with a married woman.
258,14,9,A Shot in the Dark,7.1,895,12/13/2015,"While participating in a newly formed neighborhood watch group, Peter is arrested and charged with a hate crime."
259,14,10,"Candy, Quahog Marshmallow",6.8,950,01/03/2016,"When the guys travel to Korea to retrieve the final episode of an Asian soap that Quagmire starred in, Quagmire is reunited with a former lover."
260,14,11,The Peanut Butter Kid,7.1,820,01/10/2016,Stewie's new role brings Peter and Lois into show business.
261,14,12,Scammed Yankees,6.9,798,01/17/2016,"Peter and Carter go to Africa to return Carter's money he lost to a Nigerian scammer. Meanwhile, Brian tries to hook up with one of Meg's friends after he finds out that she has a great body."
262,14,13,An App a Day,7.1,797,02/14/2016,"Peter learns about phone apps and overloads his phone with them. He buys a new phone with more memory and gives his old phone to Chris, which causes a series of horrible events. Meanwhile, Stewie joins a tennis club and invites Brian to be his tennis partner."
263,14,14,Underage Peter,7.2,785,02/21/2016,"Peter uses Brian as a way to get alcohol, after Mayor West bans alcohol from all people under 50."
264,14,15,A Lot Going on Upstairs,8.0,969,03/06/2016,Stewie builds a device to enable Brian to help him conquer his terrifying nightmares; Peter turns the attic into a man cave.
265,14,16,The Heartbreak Dog,6.7,770,03/13/2016,Brian and Bonnie run away together after declaring their love for each other; Meg and Chris team up to steal from the residents in a retirement home.
266,14,17,Take a Letter,7.0,764,04/17/2016,An old flame returns to Peter's life after Lois finds a dead letter at the post office. Stewie goes to a new preschool and tries to fit in with a rich new friend.
267,14,18,The New Adventures of Old Tom,7.0,760,05/08/2016,Peter helps Tom Tucker when he's replaced with a young reporter; Brian pretends to be rich to impress a woman.
268,14,19,"Run, Chris, Run",6.7,753,05/15/2016,Meg discovers the cool kids only elected Chris homecoming king just to prank him; Cleveland starts hanging out with Jerome instead of the guys.
269,14,20,Road to India,7.1,846,05/22/2016,"Brian falls in love with a tech support girl, so he and Stewie go to India to find her; Peter becomes the center of attention when he's invited to Joe's bingo night."
270,15,1,The Boys in the Band,7.1,919,09/25/2016,Stewie and Brian form a children's band that threatens to fall apart when Olivia gets involved; Chris gets a job managing Quagmire's sex life.
271,15,2,Bookie of the Year,6.8,836,10/02/2016,"Peter starts betting on Chris when he becomes a pitcher; Brian and Stewie re-team with Frank Sinatra, Jr. to start an Italian restaurant."
272,15,3,American Gigg-olo,7.3,850,10/16/2016,"After the pilots go on strike, Quagmire becomes a gigolo. Meanwhile, Brian works at a hardware store for the health insurance."
273,15,4,Inside Family Guy,6.7,924,10/23/2016,James Woods leads viewers behind the scenes of the studios of Family Guy.
274,15,5,"Chris Has Got a Date, Date, Date, Date, Date",6.9,838,11/06/2016,Taylor Swift agrees to be Chris' Homecoming date; Peter becomes an Uber driver.
275,15,6,Hot Shots,6.7,836,11/13/2016,"Lois decides not to vaccinate Stewie to ""save"" him from autism, causing Stewie to run away, and cause the town to have an outbreak."
276,15,7,High School English,7.4,851,11/20/2016,"The classic novels ""The Great Gatsby"", ""The Adventures of Huckleberry Finn"", and ""Of Mice and Men"" are re-enacted."
277,15,8,Carter and Tricia,6.8,759,12/04/2016,"Carter falls in love with Channel 5 News reporter, Tricia Takanawa; Stewie becomes Brian's driving instructor."
278,15,9,How the Griffin Stole Christmas,7.2,755,12/11/2016,"Peter fills in for the mall Santa and becomes drunk with power; Stewie and Brian crash holiday parties for free food, drama and women."
279,15,10,Passenger Fatty-Seven,7.4,784,01/08/2017,"Quagmire's piloting skills are questioned when he scores free tickets to a guys' trip to San Francisco, and the plane is hijacked on the flight home."
280,15,11,Gronkowsbees,6.6,765,01/15/2017,"Rob Gronkowski moves in behind the Griffins; Stewie begins beekeeping, and gives them steroids, which makes them aggressive."
281,15,12,Peter's Def Jam,6.9,715,02/12/2017,"When the guys start a podcast, Peter goes solo and becomes a DJ; Lois' allergy forces Brian to move into Stewie's room."
282,15,13,The Finer Strings,6.8,693,02/19/2017,Peter fails to make the cut when the guys form a string quartet; Brian enjoys the life of luxury too much as Carter's seeing eye dog.
283,15,14,The Dating Game,7.3,775,03/05/2017,"Quagmire discovers Tinder, forcing the guys to intervene; Stewie learns the perks of scoliosis."
284,15,15,Cop and a Half-Wit,7.2,710,03/12/2017,"Peter helps Joe solve crime cases; Stewie joins a football team, and panics when he gets a concussion."
285,15,16,Saturated Fat Guy,7.5,794,03/19/2017,"When Lois forces him to eat healthy food, Peter opens up his own food truck with fattening foods; Meg joins a roller derby team."
286,15,17,Peter's Lost Youth,6.7,682,03/26/2017,Peter gets jealous when Lois upstages him at a Red Sox Fantasy Baseball camp; Stewie runs away when Meg babysits him.
287,15,18,The Peter Principal,7.2,707,04/30/2017,Meg takes advantage of Peter's temporary job as principal to get even with her bullies; Brian and Stewie open a B&B that quickly turns into a brothel.
288,15,19,Dearly Deported,6.9,739,05/21/2017,"Chris volunteers to take care of his Mexican girlfriend's twin babies, but after learning that she can't come back to the U.S, the Griffins go to Mexico."
289,15,20,A House Full of Peters,7.1,751,05/21/2017,Peter's past participation as a sperm donor catches up to him when his children start showing up at his house.
290,16,1,Emmy-Winning Episode,8.2,"1,678",10/01/2017,"Peter decides to make ""Family Guy"" more like Emmy-winning shows so it can finally win TV's highest award."
291,16,2,Foxx in the Men House,7.2,915,10/08/2017,"Peter dumps Quagmire, Joe, and Cleveland when he becomes friends with a cool paramedic."
292,16,3,Nanny Goats,7.3,916,10/15/2017,"The Griffins get a nanny for the kids, giving Peter and Lois the opportunity to reconnect."
293,16,4,Follow the Money,7.1,916,10/22/2017,Chris receives a special one-dollar bill for his birthday that gets passed throughout Quahog.
294,16,5,Three Directors,7.8,"1,207",11/05/2017,"The story of Peter's firing from the brewery, as told in the styles of Quentin Tarantino, Wes Anderson, and Michael Bay."
295,16,6,The D in Apartment 23,8.2,"1,296",11/12/2017,Brian gets kicked out of the house for posting an offensive tweet that goes viral.
296,16,7,Petey IV,6.5,956,11/19/2017,"Vladimir Putin comes to Quahog after Peter writes to him. Meanwhile, strapped-for-cash Brian gets a job at a suicide hotline and pursues a coworker."
297,16,8,Crimes and Meg's Demeanor,7.4,831,12/03/2017,Meg's drinking both concerns and delights Peter; Brian suspects Principal Shepherd of a crime.
298,16,9,Don't Be a Dickens at Christmas,7.1,830,12/10/2017,"Peter is visited by the ghosts of Christmas past, present and future, who take him on a journey around Quahog."
299,16,10,Boy (Dog) Meets Girl (Dog),7.1,831,01/07/2018,"Brian enters a dog show to breed with a female dog; Peter and Lois try to convince Chris that ""Arthur Valentine"" doesn't exist."
300,16,11,Dog Bites Bear,7.5,906,01/14/2018,Stewie and Brian have a falling out; Peter refuses to wash his hand after meeting his favorite cereal mascot.
301,16,12,"Send in Stewie, Please",6.0,"1,922",03/18/2018,Stewie reveals secrets about himself in a session with his school psychologist.
302,16,13,V is for Mystery,6.8,843,03/25/2018,Stewie and Brian become detectives and embark on solving a string of murders set in Victorian era London.
303,16,14,Veteran Guy,6.7,751,04/01/2018,Peter and the guys get caught pretending to be military veterans and are sentenced to join the Coast Guard.
304,16,15,The Woof of Wall Street,7.3,761,04/08/2018,Brian convinces Stewie to teach him how to invest in the stock market; Peter and the guys look after the Drunken Clam while Jerome is away.
305,16,16,'Family Guy' Through the Years,6.7,782,04/22/2018,"The show looks back at the cultural events and issues that were tackled in the '50s, '60s and '70s."
306,16,17,Switch the Flip,8.0,885,04/29/2018,Chaos ensues in Quahog when Stewie's body swapping machine malfunctions.
307,16,18,HTTPete,7.7,"1,008",05/06/2018,"Peter adopts the millennial lifestyle, attracting the attention of a high-powered Silicon Valley executive."
308,16,19,The Unkindest Cut,6.6,699,05/13/2018,"Quagmire has a freak accident; Stewie and Brian search for Mort after learning there is a $10,000 reward for turning him into the police."
309,16,20,"Are You There God? It's Me, Peter",6.4,721,05/20/2018,"After falling into a coma, Peter comes face-to-face with God, leading him to ask some of life's tough questions."
310,17,1,Married with Cancer,6.4,965,09/30/2018,"Brian quickly falls in love with a woman, and after receiving devastating news regarding her cancer diagnosis, he proposes marriage."
311,17,2,Dead Dog Walking,6.9,862,10/07/2018,"Brian's marriage to Jess doesn't go as planned, so at Peter's suggestion, he lets himself go, leading Jess to make a surprising decision."
312,17,3,Pal Stewie,6.9,788,10/14/2018,Stewie befriends a boy his age; Peter and Lois attend a seminar on self-empowerment.
313,17,4,Big Trouble in Little Quahog,7.7,914,10/21/2018,Stewie invents a shrinking machine that shrinks him and Brian down to microscopic size.
314,17,5,Regarding Carter,6.5,689,11/04/2018,"Carter gives Lois a surprising birthday present that leads to an unfortunate accident, leaving him dependent on the Griffins' care."
315,17,6,Stand by Meg,6.7,707,11/11/2018,Stewie vows to make Meg's life better after she saves him from choking; Chris is sent to a vocational school.
316,17,7,The Griffin Winter Games,6.8,738,11/18/2018,Meg takes the family by surprise when she makes the US Winter Olympics team.
317,17,8,Con Heiress,5.6,856,12/02/2018,"Stewie and Brian compete for the inheritance of a wealthy, older heiress; Peter and Chris battle for Mr. Herbert's affection."
318,17,9,Pawtucket Pete,6.6,653,12/09/2018,"When the Pawtucket Brewery's new bosses want to change the company's mascot, Peter and Brian go head-to-head to become the new face."
319,17,10,Hefty Shades of Gray,6.4,701,01/06/2019,Tom Tucker teaches Peter how to report fake news; Brian and Stewie help Chris improve his love life.
320,17,11,Trump Guy,5.4,"2,019",01/13/2019,The Griffins move to the White House where Peter is hired as the new Press Secretary.
321,17,12,"Bri, Robot",6.6,637,02/10/2019,"Brian worries about his legacy, so Stewie makes him a robot duplicate as a living biography; Peter starts working at a massage parlor."
322,17,13,Trans-Fat,6.0,687,02/17/2019,Peter learns an important lesson when he's mistakenly identified as transgender.
323,17,14,Family Guy Lite,6.6,619,03/03/2019,"Peter goes on a health kick; when Lois starts writing a romantic fantasy novel, Brian and Stewie investigate into her possible crush."
324,17,15,"No Giggity, No Doubt",6.5,642,03/10/2019,Quagmire discovers a long-lost daughter and makes a serious effort to embrace parenting.
325,17,16,You Can't Handle the Booth,3.8,"1,561",03/24/2019,The Griffins provide DVD commentary on a recent episode and reveal never-before-told drama between Peter and Lois.
326,17,17,Island Adventure,6.9,653,03/31/2019,Stewie and Brian travel to Garbage Island to retrieve his tricycle after Peter throws it out; Lois tries to help Quagmire court a middle-aged woman.
327,17,18,Throw It Away,6.6,627,04/28/2019,"Lois challenges the other Griffins to throw out anything that no longer gives them joy, only to take the decluttering to a surprising extreme."
328,17,19,"Girl, Internetted",6.8,632,05/05/2019,Meg becomes famous on the internet for her unhealthy eating; Brian and Stewie enjoy a new ride while Brian's car gets fixed.
329,17,20,Adam West High,6.9,626,05/12/2019,"Brian runs for Mayor after successfully renaming James Woods High after the late Adam West, only for Quagmire to campaign against him."
330,18,1,Yacht Rocky,5.7,826,09/29/2019,"When the brewery announces it will be firing one employee, the family take Peter on a cruise to calm his nerves, but the trip doesn't go as planned."
331,18,2,Bri-Da,5.7,638,10/06/2019,Peter and the guys use Joe's body cams to remember the million-dollar ideas they have while drinking; Quagmire must come to terms with an unexpected family development.
332,18,3,Absolutely Babulous,6.5,561,10/13/2019,"Stewie wins a participation award in his school's toddler games, leading him to question everything he's ever won; Peter causes a fight between Lois' parents and has to repair the damage."
333,18,4,Disney's The Reboot,7.2,701,10/20/2019,The network decides to reboot FAMILY GUY and the feedback takes surprising turns when three versions are shown to a focus group.
334,18,5,Cat Fight,6.7,544,11/03/2019,Brian tries to shut down Quagmire's cat café; Lois decides to send Meg and Chris to church camp when they get in trouble at school.
335,18,6,Peter & Lois' Wedding,7.0,574,11/10/2019,"When the Wi-Fi goes out, Peter and Lois tell the kids the story of how they met and fell in love in this spoof of the 90s sitcom ""Friends"" and everything else 90s."
336,18,7,Heart Burn,6.7,529,11/17/2019,"To celebrate Peter and Lois' wedding anniversary, the Griffins present their own versions of three well-known love stories."
337,18,8,Shanksgiving,6.5,494,11/24/2019,Peter gets himself arrested to avoid Lois' special Thanksgiving dinner; A secret that Stewie's been keeping from everyone is revealed.
338,18,9,Christmas Is Coming,6.8,560,12/15/2019,Meg gets a surprising response when she takes Stewie to meet Santa at the mall; Brian tries to help when the experience leaves Stewie scarred.
339,18,10,Connie's Celica,6.5,469,01/05/2020,Lois becomes the target of Connie's antics when she gets a job as the high school's music teacher.
340,18,11,Short Cuts,6.7,440,02/16/2020,"When Brian accidentally becomes a local hero, an old street pal who is now a successful millionaire dog reaches out and tries to convince him to get neutered; Lois gets a pixie cut against Peter's wishes."
341,18,12,Undergrounded,6.7,437,02/23/2020,Peter builds a tunnel to the Drunken Clam after Lois grounds him for secretly getting a credit card and spending all of the family's money.
342,18,13,Rich Old Stewie,7.2,512,03/01/2020,"In the future, Stewie is a rich old man enjoying his retirement when Brian brings news about Peter dying."
343,18,14,The Movement,6.5,454,03/08/2020,Peter becomes the face of racial justice when constipation makes him kneel during the national anthem as he starts coaching the minor league baseball team.
344,18,15,Baby Stewie,7.2,480,03/15/2020,"Stewie builds a machine to help him stay smart, but it turns him into an actual baby."
345,18,16,Start Me Up,6.3,445,04/19/2020,Peter is told to work from home when his sweat becomes a liability; Stewie and Chris create a fake Kickstarter campaign with Brian to pay for the damages done to an electronics store.
346,18,17,Coma Guy,7.0,447,04/26/2020,Peter's newfound love for rocking out to Van Halen results in him getting into a car accident and falling into a coma.
347,18,18,Better Off Meg,6.5,430,05/03/2020,"The Griffins experience life without Meg when she's erroneously reported to have died in a car crash, and she goes along with the story to start a new life elsewhere."
348,18,19,Holly Bibble,6.3,500,05/10/2020,"Following another blackout, the Griffins re-imagine three stories from the Bible about Adam and Eve, Noah, and the Last Supper while cooped up in a motel room during a storm."
349,18,20,Movin' In (Principal Shepherd's Song),6.6,396,05/17/2020,Principal Shepherd moves in with the Griffins when he gets fired for fat-shaming Chris at school; Brian sues Stewie for portraying him as an idiot in a series of children's books.
